{"cameraMode":{"drawMode":0,"name":"Shaded","section":"Shading Mode"},"sceneLighting":true,"audioPlay":false,"sceneViewState":{"m_AlwaysRefresh":false,"showFog":true,"showSkybox":true,"showFlares":true,"showImageEffects":true,"showParticleSystems":true,"showVisualEffectGraphs":true,"m_FxEnabled":true},"in2DMode":false,"pivot":{"x":10.876174926757813,"y":-0.2558302879333496,"z":24.87379264831543},"rotation":{"x":-0.03782643750309944,"y":-0.588019609451294,"z":0.027544764801859857,"w":-0.8074966073036194},"size":13.410859107971192,"orthographic":false}